City_ID,City,Lat,Lng,Max Temp,Humidity,Cloudiness,Wind Speed,Country,Date
0,saint-joseph,-21.3667,55.6167,24.21,83,9,3.94,RE,1670100375
1,port elizabeth,-33.918,25.5701,17.83,91,100,1.79,ZA,1670100376
2,ewa beach,21.3156,-158.0072,26.97,67,75,5.14,US,1670100376
3,coihueco,-36.6167,-71.8333,27.41,42,40,6.17,CL,1670100335
4,motegi,36.5167,140.1833,0.48,78,35,1.41,JP,1670100377
5,kodiak,57.79,-152.4072,-4.27,80,0,2.06,US,1670100378
6,vaini,-21.2,-175.2,29.09,84,75,3.09,TO,1670100379
7,port macquarie,-31.4333,152.9167,16.61,78,97,0.74,AU,1670100379
8,avarua,-21.2078,-159.775,29.03,79,75,4.63,CK,1670100380
9,ancud,-41.8697,-73.8203,14.2,79,84,4.94,CL,1670100380
10,cherskiy,68.75,161.3,-18.83,85,100,2.16,RU,1670100381
11,atuona,-9.8,-139.0333,25.58,75,0,7.54,PF,1670100381
12,carnarvon,-24.8667,113.6333,20.8,82,5,7.55,AU,1670100382
13,saint-augustin,51.226,-58.6502,0.68,84,100,8.34,CA,1670100382
14,brandenburg,52.4167,12.55,1.06,91,100,2.92,DE,1670100383
15,rikitea,-23.1203,-134.9692,23.6,73,45,6.08,PF,1670100383
16,punta arenas,-53.15,-70.9167,11.06,40,20,15.95,CL,1670100384
17,shelby,35.2001,-89.8668,13.94,54,0,5.66,US,1670100224
18,lompoc,34.6391,-120.4579,18.3,93,100,5.14,US,1670100384
19,east london,-33.0153,27.9116,18.69,77,100,1.91,ZA,1670100385
20,banepa,27.6298,85.5214,8.18,93,20,1.54,NP,1670100386
21,cape town,-33.9258,18.4232,17.37,69,20,9.77,ZA,1670100102
22,bluff,-46.6,168.3333,14.01,75,99,13.2,NZ,1670100323
23,champerico,14.3,-91.9167,33.3,68,2,2.52,GT,1670100386
24,hobart,-42.8794,147.3294,15.14,83,75,2.57,AU,1670100319
25,kaeo,-35.1,173.7833,19.25,58,0,0.72,NZ,1670100387
26,mataura,-46.1927,168.8643,15.25,54,99,4.2,NZ,1670100387
27,srednekolymsk,67.45,153.6833,-39.68,100,37,0.83,RU,1670100388
28,dawlatabad,36.4141,64.9053,3.68,44,100,1.7,AF,1670100389
29,praia,14.9215,-23.5087,23.3,56,75,3.6,CV,1670100389
30,provideniya,64.3833,-173.3,-2.38,94,100,9.03,RU,1670100389
31,ilulissat,69.2167,-51.1,-1.99,93,75,6.17,GL,1670100390
32,namibe,-15.1961,12.1522,22.55,79,99,3.81,AO,1670100390
33,hilo,19.7297,-155.09,27.38,83,100,4.12,US,1670100093
34,gwembe,-16.4975,27.6069,21.55,30,0,0.41,ZM,1670100391
35,do gonbadan,30.3586,50.7981,15.05,58,40,1.03,IR,1670100391
36,veraval,20.9,70.3667,22.86,55,5,3.24,IN,1670100392
37,formosa do rio preto,-11.0483,-45.1931,21.5,95,100,1.61,BR,1670100392
38,santa maria,-29.6842,-53.8069,28.61,65,40,1.54,BR,1670100175
39,onega,63.9061,38.1404,-7.41,86,99,4.17,RU,1670100393
40,flinders,-34.5833,150.8552,19.1,73,0,2.71,AU,1670100394
41,kapaa,22.0752,-159.319,27.18,76,100,7.2,US,1670100394
42,new norfolk,-42.7826,147.0587,14.95,60,99,0.31,AU,1670100394
43,isangel,-19.55,169.2667,27.06,89,100,2.06,VU,1670100395
44,kaitangata,-46.2817,169.8464,16.25,49,100,5.78,NZ,1670100395
45,bubaque,11.2833,-15.8333,26.23,61,70,4.33,GW,1670100396
46,hermanus,-34.4187,19.2345,14.89,66,76,3.33,ZA,1670100396
47,general roca,-39.0333,-67.5833,33.12,27,7,13.2,AR,1670100457
48,caravelas,-17.7125,-39.2481,22.98,92,100,3.27,BR,1670100457
49,bredasdorp,-34.5322,20.0403,13.98,63,91,0.93,ZA,1670100458
50,taltal,-25.4,-70.4833,20.18,65,23,3.29,CL,1670100458
51,pacific grove,36.6177,-121.9166,12.44,95,100,1.54,US,1670100459
52,castro,-24.7911,-50.0119,21.15,89,100,1.98,BR,1670100459
53,san patricio,28.017,-97.5169,25.97,81,100,3.31,US,1670100460
54,lahij,13.1667,44.5833,21.48,81,0,1.59,YE,1670100460
55,yaan,7.3833,8.5667,27.2,27,0,1.83,NG,1670100461
56,baracoa,20.3467,-74.4958,25.4,79,44,7.08,CU,1670100461
57,barrow,71.2906,-156.7887,-7.99,67,40,2.06,US,1670100462
58,ushuaia,-54.8,-68.3,8.79,61,75,10.8,AR,1670100462
59,thompson,55.7435,-97.8558,-23.91,70,20,3.09,CA,1670100462
60,port alfred,-33.5906,26.891,16.77,91,99,0.45,ZA,1670100463
61,bengkulu,-3.8004,102.2655,23.28,91,98,1.72,ID,1670100464
62,upington,-28.4478,21.2561,22.21,18,0,1.03,ZA,1670100464
63,cidreira,-30.1811,-50.2056,23.51,90,100,3.14,BR,1670100464
64,geraldton,-28.7667,114.6,21.23,78,100,3.6,AU,1670100465
65,bethel,41.3712,-73.414,13.69,84,100,0.89,US,1670100313
66,abu kamal,34.4506,40.9171,15.21,67,100,3.0,SY,1670100465
67,yarovoye,52.9273,78.58,-21.95,99,81,1.59,RU,1670100466
68,coihaique,-45.5752,-72.0662,15.97,48,75,4.63,CL,1670100467
69,bukama,-9.2,25.85,20.58,93,98,0.84,CD,1670100467
70,forio,40.7342,13.8646,18.01,78,100,10.28,IT,1670100468
71,waterboro,43.5356,-70.7151,13.05,86,100,6.69,US,1670100468
72,bozhou,33.8772,115.7703,1.96,58,93,3.41,CN,1670100469
73,jamestown,42.097,-79.2353,3.9,66,100,7.72,US,1670100368
74,sikasso,10.9167,-7.0,26.37,62,98,2.38,ML,1670100469
75,socorro,31.6546,-106.3033,19.56,35,75,3.09,US,1670100470
76,arraial do cabo,-22.9661,-42.0278,22.98,88,75,8.75,BR,1670100470
77,okakarara,-20.5833,17.4333,27.66,23,84,2.95,NA,1670100471
78,chokurdakh,70.6333,147.9167,-24.47,95,100,7.56,RU,1670100471
79,victoria,22.2855,114.1577,21.64,84,32,4.47,HK,1670100175
80,chiang klang,19.2938,100.8617,20.57,92,12,0.71,TH,1670100472
81,saint george,37.1041,-113.5841,15.8,37,0,1.34,US,1670100472
82,ixtapa,20.7,-105.2,31.44,49,74,3.1,MX,1670100473
83,ponta do sol,32.6667,-17.1,16.51,77,50,4.15,PT,1670100473
84,albany,42.6001,-73.9662,12.19,89,100,0.45,US,1670100314
85,mar del plata,-38.0023,-57.5575,27.68,69,0,7.2,AR,1670100474
86,barmer,25.75,71.3833,15.67,27,28,1.86,IN,1670100475
87,mecca,21.4267,39.8261,25.26,69,27,2.08,SA,1670100475
88,somerset east,-32.7217,25.588,12.82,82,99,4.73,ZA,1670100476
89,matara,5.9485,80.5353,24.12,89,93,1.68,LK,1670100388
90,dunedin,-45.8742,170.5036,17.11,64,100,4.7,NZ,1670100536
91,laguna,38.421,-121.4238,12.76,94,100,3.6,US,1670100537
92,canmore,51.0834,-115.3521,-3.94,58,22,5.14,CA,1670100303
93,busselton,-33.65,115.3333,16.13,74,96,6.33,AU,1670100504
94,cabedelo,-6.9811,-34.8339,28.37,74,13,5.92,BR,1670100537
95,menongue,-14.6585,17.691,23.12,43,73,1.75,AO,1670100538
96,atikokan,48.7555,-91.6216,-13.66,75,100,4.65,CA,1670100538
97,puerto baquerizo moreno,-0.9,-89.6,23.55,88,75,3.6,EC,1670100539
98,saskylakh,71.9167,114.0833,-13.48,93,100,11.04,RU,1670100539
99,sorong,-0.8833,131.25,25.72,86,100,3.08,ID,1670100540
100,butaritari,3.0707,172.7902,27.3,77,32,7.33,KI,1670100540
101,arlit,18.7369,7.3853,25.39,14,7,2.83,NE,1670100541
102,urusha,54.05,122.9,-26.54,94,100,1.07,RU,1670100541
103,nancha,47.1333,129.2667,-21.67,94,80,1.6,CN,1670100542
104,williamsport,41.2412,-77.0011,10.85,89,75,1.54,US,1670100457
105,potiskum,11.7091,11.0694,25.32,24,43,4.35,NG,1670100542
106,tikapur,28.5,81.1333,14.13,77,0,1.6,NP,1670100543
107,dikson,73.5069,80.5464,-2.53,92,100,8.4,RU,1670100543
108,narbonne,43.0833,2.8333,8.13,70,100,1.87,FR,1670100544
109,severo-kurilsk,50.6789,156.125,-0.37,82,78,7.25,RU,1670100544
110,dimbokro,6.6451,-4.7048,23.31,94,84,1.64,CI,1670100545
111,saint-philippe,-21.3585,55.7679,24.77,85,12,3.54,RE,1670100545
112,torbay,47.6666,-52.7314,-0.14,75,75,2.24,CA,1670100546
113,vanimo,-2.6741,141.3028,24.9,89,100,2.87,PG,1670100546
114,khilok,51.3674,110.4676,-17.61,91,100,5.59,RU,1670100547
115,la ronge,55.1001,-105.2842,-16.86,71,75,3.09,CA,1670100547
116,clyde river,70.4692,-68.5914,-16.87,66,35,8.75,CA,1670100547
117,braniewo,54.3797,19.8196,-0.88,93,99,3.81,PL,1670100548
118,sorland,67.667,12.6934,3.92,71,100,6.52,NO,1670100549
119,zharkent,44.1628,80.0,-4.47,64,98,0.91,KZ,1670100549
120,varzea da palma,-17.5981,-44.7308,22.13,87,100,0.87,BR,1670100550
121,khatanga,71.9667,102.5,-15.2,95,100,10.3,RU,1670100550
122,faanui,-16.4833,-151.75,26.78,77,38,8.16,PF,1670100551
123,yulara,-25.2406,130.9889,24.6,17,0,3.09,AU,1670100551
124,belyy yar,53.6039,91.3903,-27.06,83,100,0.0,RU,1670100552
125,bath,51.3779,-2.3591,6.32,92,40,4.77,GB,1670100552
126,tasiilaq,65.6145,-37.6368,-0.91,97,100,11.18,GL,1670100553
127,sitka,57.0531,-135.33,1.94,69,0,0.0,US,1670100360
128,aginskoye,51.1,114.53,-17.56,81,36,7.81,RU,1670100553
129,half moon bay,37.4636,-122.4286,11.36,94,100,3.09,US,1670100431
130,dingle,10.9995,122.6711,23.69,95,93,3.12,PH,1670100385
131,cabo san lucas,22.8909,-109.9124,32.01,54,9,1.79,MX,1670100420
132,saint-leu,-21.15,55.2833,24.48,81,11,2.5,RE,1670100554
133,saint-pierre,-21.3393,55.4781,24.82,78,100,5.14,RE,1670100555
134,kajaani,64.2273,27.7285,-4.97,86,100,2.06,FI,1670100556
135,norman wells,65.282,-126.8329,0.02,100,100,7.2,CA,1670100556
136,husavik,66.0449,-17.3389,0.51,85,45,5.18,IS,1670100617
137,pedernales,18.0384,-71.744,26.95,66,13,1.57,DO,1670100617
138,nikolskoye,59.7035,30.7861,-5.05,92,100,3.42,RU,1670100522
139,narsaq,60.9167,-46.05,-10.86,83,2,2.85,GL,1670100618
140,brae,60.3964,-1.353,6.93,70,100,6.1,GB,1670100618
141,yellowknife,62.456,-114.3525,-17.47,85,100,2.06,CA,1670100619
142,fortuna,40.5982,-124.1573,16.07,52,0,8.75,US,1670100619
143,kourou,5.1552,-52.6478,24.03,84,97,2.28,GF,1670100620
144,ribeira grande,38.5167,-28.7,15.22,72,75,7.72,PT,1670100620
145,verkhoyansk,67.5447,133.385,-23.27,99,100,1.96,RU,1670100621
146,puerto ayora,-0.7393,-90.3518,26.98,86,85,3.13,EC,1670100621
147,maniitsoq,65.4167,-52.9,-1.25,63,100,10.0,GL,1670100622
148,maumelle,34.8668,-92.4043,13.82,41,15,2.24,US,1670100622
149,teluknaga,-6.0989,106.6381,26.02,88,40,2.06,ID,1670100623
150,campechuela,20.2342,-77.2789,29.17,55,50,9.1,CU,1670100623
151,klaksvik,62.2266,-6.589,6.51,94,100,2.83,FO,1670100623
152,zhigansk,66.7697,123.3711,-29.89,98,100,5.85,RU,1670100624
153,sangar,63.9242,127.4739,-33.19,93,100,0.9,RU,1670100624
154,aswan,24.0934,32.907,19.61,32,0,3.09,EG,1670100625
155,gorom-gorom,14.4439,-0.2361,28.63,17,100,2.38,BF,1670100625
156,hambantota,6.1241,81.1185,24.43,88,93,3.39,LK,1670100626
157,wasilla,61.5814,-149.4394,-2.26,90,75,1.54,US,1670100626
158,hithadhoo,-0.6,73.0833,27.94,71,100,6.57,MV,1670100627
159,port augusta,-32.5,137.7667,26.26,27,0,3.37,AU,1670100627
160,celestun,20.8667,-90.4,27.78,70,0,9.56,MX,1670100628
161,bodden town,19.2833,-81.25,29.44,66,40,7.2,KY,1670100628
162,qaqortoq,60.7167,-46.0333,-8.72,86,5,2.36,GL,1670100628
163,atherton,53.5237,-2.4935,5.72,88,10,1.34,GB,1670100629
164,mengcheng,33.2579,116.5655,1.82,61,82,4.07,CN,1670100629
165,tornio,65.8481,24.1466,-3.99,94,94,2.69,FI,1670100630
166,blackwater,-23.5833,148.8833,20.75,60,0,3.83,AU,1670100630
167,xingtai,37.0631,114.4942,-3.11,42,96,0.67,CN,1670100630
168,mount gambier,-37.8333,140.7667,18.04,56,14,2.75,AU,1670100550
169,madimba,-10.4,40.3333,25.62,88,20,5.14,TZ,1670100631
170,chapais,49.7834,-74.8492,-0.12,99,100,3.74,CA,1670100632
171,sao miguel do araguaia,-13.275,-50.1628,23.94,87,100,2.01,BR,1670100632
172,pingshan,22.9938,114.7131,17.59,81,88,1.75,CN,1670100632
173,pisco,-13.7,-76.2167,23.03,64,0,8.23,PE,1670100633
174,lujiang,31.2581,117.2817,5.23,91,100,3.46,CN,1670100633
175,yumen,40.2833,97.2,-10.07,85,100,0.42,CN,1670100634
176,ostrovnoy,68.0531,39.5131,-5.63,92,67,4.09,RU,1670100634
177,bud,39.447,-86.1758,5.19,59,1,5.8,US,1670100635
178,hofn,64.2539,-15.2082,3.39,64,3,4.84,IS,1670100636
179,contamana,-7.3333,-75.0167,23.11,97,100,0.26,PE,1670100636
180,tommot,58.9564,126.2925,-19.51,95,100,3.98,RU,1670100637
181,diamantino,-14.4086,-56.4461,24.87,86,100,2.17,BR,1670100637
182,padang,-0.9492,100.3543,23.99,89,100,1.64,ID,1670100638
183,tuktoyaktuk,69.4541,-133.0374,-4.0,80,100,18.01,CA,1670100638
184,danville,36.586,-79.395,16.21,88,100,2.24,US,1670100698
185,puri,19.8,85.85,19.29,64,0,2.35,IN,1670100699
186,kathmandu,27.7167,85.3167,9.12,93,20,1.54,NP,1670100699
187,sillod,20.3,75.65,19.84,57,1,2.41,IN,1670100700
188,longyearbyen,78.2186,15.6401,-2.09,86,100,9.26,SJ,1670100700
189,dombas,62.0696,9.1235,-12.6,92,80,0.86,NO,1670100701
190,iqaluit,63.7506,-68.5145,-22.07,93,63,2.04,CA,1670100701
191,imeni poliny osipenko,52.4201,136.4853,-33.53,100,28,0.64,RU,1670100702
192,lago da pedra,-4.3333,-45.1667,24.73,90,99,2.22,BR,1670100702
193,tiksi,71.6872,128.8694,-23.18,94,100,10.27,RU,1670100703
194,buraydah,26.326,43.975,20.25,29,82,3.04,SA,1670100704
195,riyadh,24.6877,46.7219,19.08,36,0,3.27,SA,1670100634
196,emba,48.8264,58.1442,-14.07,73,6,5.47,KZ,1670100704
197,pallasovka,50.05,46.8833,-10.25,47,0,4.6,RU,1670100705
198,bathsheba,13.2167,-59.5167,28.34,85,40,6.17,BB,1670100705
199,gayny,60.3071,54.3241,-12.22,96,89,1.82,RU,1670100706
200,alofi,-19.0595,-169.9187,28.94,74,40,3.09,NU,1670100706
201,oranjestad,12.524,-70.027,28.97,72,20,6.17,AW,1670100707
202,gonbad-e qabus,37.25,55.1672,7.95,93,91,1.03,IR,1670100707
203,baruun-urt,46.6806,113.2792,-22.4,85,7,3.67,MN,1670100708
204,vila franca do campo,37.7167,-25.4333,14.23,77,87,11.84,PT,1670100708
205,ponta delgada,37.7333,-25.6667,14.4,72,20,8.23,PT,1670100709
206,hammerfest,70.6634,23.6821,-2.75,80,7,1.54,NO,1670100647
207,quatre cocos,-20.2078,57.7625,24.06,72,68,3.62,MU,1670100709
208,jinchang,38.4953,102.1739,-6.75,58,100,0.38,CN,1670100710
209,yar-sale,66.8333,70.8333,-4.52,94,99,6.63,RU,1670100710
210,mackay,-21.15,149.2,23.71,69,3,7.0,AU,1670100711
211,west wendover,40.7391,-114.0733,-2.44,64,0,1.54,US,1670100709
212,hobyo,5.3505,48.5268,26.08,72,93,7.4,SO,1670100712
213,anshun,26.25,105.9333,3.91,85,100,3.12,CN,1670100712
214,codrington,-38.2667,141.9667,18.36,74,84,3.99,AU,1670100713
215,sorata,-15.7667,-68.6333,11.28,66,44,4.54,BO,1670100713
216,ajdabiya,30.7554,20.2263,16.2,45,0,4.94,LY,1670100714
217,upernavik,72.7868,-56.1549,-3.62,86,100,14.62,GL,1670100519
218,nanortalik,60.1432,-45.2371,-3.1,86,71,5.43,GL,1670100714
219,hvittingfoss,59.4833,10.0167,0.87,53,100,1.34,NO,1670100715
220,manzini,-26.25,31.5,18.78,86,100,2.13,SZ,1670100715
221,ternate,0.8,127.4,27.17,74,100,0.53,ID,1670100716
222,zlitan,32.4674,14.5687,19.07,45,38,5.11,LY,1670100716
223,mahebourg,-20.4081,57.7,24.16,78,40,0.0,MU,1670100572
224,biak,-0.9131,122.8766,24.19,85,100,1.5,ID,1670100717
225,luderitz,-26.6481,15.1594,16.47,66,6,7.76,NA,1670100717
226,comodoro rivadavia,-45.8667,-67.5,24.92,18,40,14.92,AR,1670100718
227,souillac,-20.5167,57.5167,24.21,78,40,0.0,MU,1670100718
228,honningsvag,70.9821,25.9704,-2.14,74,40,8.23,NO,1670100719
229,fuerte olimpo,-21.0415,-57.8738,31.24,49,87,2.43,PY,1670100719
230,olafsvik,64.8945,-23.7142,5.09,79,56,1.7,IS,1670100780
231,sai buri,6.7013,101.6168,25.54,93,100,3.57,TH,1670100780
232,sozimskiy,59.7418,52.2482,-15.34,97,39,1.6,RU,1670100781
233,progreso,21.2833,-89.6667,27.22,72,0,8.69,MX,1670100722
234,port hedland,-20.3167,118.5667,26.03,83,17,4.63,AU,1670100782
235,adrar,20.5022,-10.0711,20.6,24,40,1.08,MR,1670100782
236,sindor,62.8629,51.8905,-17.6,99,77,1.31,RU,1670100783
237,kahului,20.8947,-156.47,28.01,62,20,7.72,US,1670100587
238,vinh long,10.25,105.9667,22.99,93,99,3.69,VN,1670100783
239,sao joao da barra,-21.6403,-41.0511,24.05,93,100,8.42,BR,1670100784
240,hailey,43.5196,-114.3153,-2.33,47,0,1.34,US,1670100784
241,port hardy,50.6996,-127.4199,3.1,75,20,6.17,CA,1670100785
242,grants pass,42.439,-123.3284,11.38,70,0,3.6,US,1670100546
243,labuan,5.2767,115.2417,26.2,94,40,0.0,MY,1670100786
244,aleksandrovsk-sakhalinskiy,50.8975,142.1561,-14.91,89,100,3.82,RU,1670100786
245,anadyr,64.75,177.4833,-5.72,79,100,8.0,RU,1670100787
246,lata,40.1629,-8.3327,9.49,81,98,0.87,PT,1670100787
247,labuhan,-6.8844,112.2051,25.39,86,100,2.03,ID,1670100788
248,tucuman,-26.8241,-65.2226,35.0,18,0,2.06,AR,1670100788
249,dourbali,11.8091,15.8632,27.08,20,1,4.5,TD,1670100789
250,fengzhen,40.4394,113.1536,-10.67,30,16,1.13,CN,1670100789
251,nizhnyaya tavda,57.6731,66.1725,-17.79,92,83,2.34,RU,1670100790
252,shangzhi,45.2167,127.9667,-18.59,86,13,4.86,CN,1670100790
253,porto santo,33.072,-16.3415,15.21,82,40,4.12,PT,1670100791
254,sola,-13.8833,167.55,26.37,94,100,1.03,VU,1670100791
255,beisfjord,68.3751,17.5988,-3.97,82,3,3.49,NO,1670100792
256,qaanaaq,77.484,-69.3632,-18.73,89,100,2.08,GL,1670100792
257,shetpe,44.1667,52.1167,-8.39,49,0,6.76,KZ,1670100793
258,nosy varika,-20.5833,48.5333,23.79,89,89,2.51,MG,1670100793
259,wuwei,37.9281,102.6414,-6.45,67,99,0.89,CN,1670100794
260,meulaboh,4.1363,96.1285,23.69,88,100,1.64,ID,1670100794
261,carire,-3.9506,-40.4733,31.83,31,77,1.86,BR,1670100795
262,naifaru,5.4444,73.3657,27.28,74,93,1.77,MV,1670100796
263,esperance,-33.8667,121.9,16.35,82,100,5.72,AU,1670100796
264,tazmalt,36.3868,4.3989,11.38,63,25,2.51,DZ,1670100797
265,cuamba,-14.8031,36.5372,22.68,79,79,1.15,MZ,1670100797
266,monrovia,6.3005,-10.7969,24.87,84,27,2.87,LR,1670100798
267,tahta,26.7693,31.5021,18.13,45,97,2.8,EG,1670100798
268,san quintin,30.4833,-115.95,19.07,56,100,1.38,MX,1670100799
269,abu zabad,12.35,29.25,23.63,30,4,4.79,SD,1670100799
270,nnewi,6.0199,6.9148,25.84,65,25,2.54,NG,1670100800
271,rochester,43.1548,-77.6156,6.46,67,100,9.77,US,1670100545
272,udachnyy,66.4167,112.4,-15.63,92,100,10.51,RU,1670100801
273,hinton,53.4001,-117.5857,-6.53,77,12,4.48,CA,1670100801
274,tofield,53.3668,-112.6686,-8.74,75,8,6.59,CA,1670100802
275,amapa,1.0,-52.0,23.02,97,94,1.83,BR,1670100802
276,litovko,49.2361,135.1742,-20.96,75,21,7.33,RU,1670100803
277,turtas,58.9417,69.1325,-14.91,95,100,2.81,RU,1670100863
278,assisi,43.0691,12.6165,8.6,92,100,1.54,IT,1670100864
279,nalut,30.3333,10.85,15.64,17,18,2.05,LY,1670100864
280,kaiu,59.0129,25.0551,-8.23,98,100,1.15,EE,1670100865
281,duluth,46.7833,-92.1066,-9.69,57,0,9.26,US,1670100579
282,abonnema,4.7084,6.7931,26.44,82,72,3.26,NG,1670100866
283,georgetown,5.4112,100.3354,26.8,93,20,2.57,MY,1670100640
284,puerto leguizamo,-0.1934,-74.7819,33.22,40,63,2.0,CO,1670100867
285,sumenep,-7.0167,113.8667,26.37,80,98,0.79,ID,1670100867
286,qarqin,37.4185,66.0436,5.24,41,100,2.56,AF,1670100868
287,pevek,69.7008,170.3133,-17.89,77,77,4.35,RU,1670100868
288,tarata,-17.6167,-66.0167,23.68,43,42,4.9,BO,1670100869
289,port lincoln,-34.7333,135.8667,20.86,51,99,3.13,AU,1670100869
290,terrace,54.5163,-128.6035,-11.05,52,40,9.77,CA,1670100869
291,san andres,12.5847,-81.7006,30.01,66,40,8.23,CO,1670100870
292,rengo,-34.4167,-70.8667,31.18,17,33,4.56,CL,1670100870
293,salalah,17.0151,54.0924,23.2,50,0,1.15,OM,1670100871
294,beringovskiy,63.05,179.3167,-0.97,97,100,10.18,RU,1670100871
295,sechura,-5.5569,-80.8222,25.68,55,67,8.0,PE,1670100872
296,talnakh,69.4865,88.3972,-22.11,99,100,2.28,RU,1670100872
297,yangambi,0.8102,24.4336,22.03,91,94,0.74,CD,1670100873
298,guilin,25.2819,110.2864,7.06,85,100,3.78,CN,1670100873
299,airai,-8.9266,125.4092,14.65,69,28,0.85,TL,1670100874
300,nizhnevartovsk,60.9344,76.5531,-15.99,85,100,2.0,RU,1670100868
301,novyy urengoy,66.0833,76.6333,-21.01,98,26,3.51,RU,1670100875
302,lebu,-37.6167,-73.65,16.34,69,79,5.49,CL,1670100875
303,xining,36.6167,101.7667,-7.12,48,100,0.86,CN,1670100876
304,bambous virieux,-20.3428,57.7575,24.14,78,40,0.0,MU,1670100876
305,college,64.8569,-147.8028,-2.82,90,100,2.06,US,1670100727
306,solnechnyy,50.7214,136.6319,-20.85,97,100,1.1,RU,1670100877
307,tarnogskiy gorodok,60.4997,43.5761,-11.52,89,96,2.11,RU,1670100878
308,kushima,31.4583,131.2333,14.05,96,100,3.04,JP,1670100878
309,san francisco,37.7749,-122.4194,10.66,94,100,1.79,US,1670100708
310,mishkino,55.3389,63.9175,-18.54,91,8,3.26,RU,1670100879
311,aksarka,66.5606,67.7975,-12.2,92,100,1.54,RU,1670100879
312,camacha,33.0833,-16.3333,13.68,82,40,4.12,PT,1670100879
313,honiara,-9.4333,159.95,27.15,83,100,1.71,SB,1670100880
314,flin flon,54.7682,-101.865,-20.09,71,100,3.6,CA,1670100880
315,yancheng,33.3856,120.1253,7.55,66,99,7.1,CN,1670100881
316,nyazepetrovsk,56.0531,59.6028,-18.16,94,15,2.32,RU,1670100881
317,vila velha,-20.3297,-40.2925,23.97,97,100,4.12,BR,1670100882
318,pringsewu,-5.3582,104.9744,23.19,91,100,1.89,ID,1670100882
319,quesnel,52.9999,-122.5029,-21.72,77,100,1.03,CA,1670100626
320,chulman,56.8479,124.9104,-21.28,95,100,3.15,RU,1670100883
321,eatonton,33.3268,-83.3885,19.5,87,96,1.86,US,1670100884
322,ozernovskiy,51.5,156.5167,-2.91,75,100,5.4,RU,1670100884
323,luena,-11.7833,19.9167,16.75,87,23,1.5,AO,1670100945
324,pudozh,61.8099,36.5345,-6.47,69,100,3.69,RU,1670100945
325,itupiranga,-5.1347,-49.3267,25.18,93,100,1.84,BR,1670100946
326,bilibino,68.0546,166.4372,-17.18,84,90,2.07,RU,1670100935
327,sao filipe,14.8961,-24.4956,22.67,63,100,3.88,CV,1670100947
328,conway,35.0887,-92.4421,13.89,43,0,4.63,US,1670100712
329,vigrestad,58.5667,5.7,0.82,63,0,7.19,NO,1670100948
330,abu samrah,35.3029,37.1841,13.47,73,94,1.34,SY,1670100948
331,bambanglipuro,-7.95,110.2833,24.5,88,100,0.4,ID,1670100949
332,waipawa,-41.4122,175.5153,14.97,63,87,1.76,NZ,1670100949
333,lasa,46.6166,10.7002,2.79,98,98,1.89,IT,1670100950
334,tateyama,34.9833,139.8667,15.96,51,40,11.83,JP,1670100950
335,nador,35.174,-2.9287,13.14,82,0,0.51,MA,1670100951
336,adjumani,3.3779,31.7909,24.5,58,89,1.5,UG,1670100951
337,russell,32.3502,-85.1999,19.53,83,20,2.06,US,1670100952
338,mubende,0.5606,31.39,16.25,92,29,1.04,UG,1670100952
339,buala,-8.145,159.5921,27.6,79,100,2.47,SB,1670100953
340,cayenne,4.9333,-52.3333,24.02,94,20,1.03,GF,1670100666
341,grindavik,63.8424,-22.4338,2.26,87,0,3.09,IS,1670100954
342,bronnoysund,65.4625,12.1997,-2.0,74,21,3.13,NO,1670100954
343,nelson bay,-32.7167,152.15,18.89,91,11,0.89,AU,1670100955
344,ahipara,-35.1667,173.1667,18.59,62,0,2.32,NZ,1670100955
345,ngama,11.7833,17.1667,26.91,21,0,4.03,TD,1670100955
346,grand gaube,-20.0064,57.6608,24.22,73,56,0.45,MU,1670100956
347,moron,-34.6534,-58.6198,30.53,54,6,3.26,AR,1670100956
348,pratapgarh,24.0333,74.7833,15.56,55,3,3.31,IN,1670100957
349,port blair,11.6667,92.75,26.88,82,100,4.5,IN,1670100957
350,sayyan,15.1718,44.3244,9.54,49,0,1.86,YE,1670100958
351,general pico,-35.6566,-63.7568,34.07,19,0,4.02,AR,1670100855
352,great falls,47.5002,-111.3008,1.34,64,99,4.54,US,1670100958
353,canala,-21.5333,165.95,24.54,93,100,1.49,NC,1670100959
354,saumur,47.3333,-0.25,4.06,87,65,3.74,FR,1670100959
355,vetlanda,57.4289,15.0776,-1.2,91,100,3.81,SE,1670100960
356,salaga,8.5508,-0.5188,28.06,58,63,2.23,GH,1670100960
357,hay river,60.8156,-115.7999,-12.01,79,100,4.12,CA,1670100961
358,erice,38.037,12.5865,13.26,77,65,4.87,IT,1670100961
359,khandyga,62.6667,135.6,-37.26,98,99,1.07,RU,1670100961
360,mindelo,16.8901,-24.9804,22.75,56,20,4.12,CV,1670100962
361,nome,64.5011,-165.4064,1.04,87,100,6.17,US,1670100912
362,berlevag,70.8578,29.0864,-4.03,80,32,9.77,NO,1670100963
363,pasighat,28.0667,95.3333,15.88,52,5,1.47,IN,1670100964
364,chuy,-33.6971,-53.4616,18.45,95,100,2.03,UY,1670100964
365,acapulco,16.8634,-99.8901,29.84,57,10,3.57,MX,1670100964
366,ikalamavony,-21.15,46.5833,22.28,71,94,1.83,MG,1670100965
367,idlib,35.9306,36.6339,12.98,71,90,0.31,SY,1670101025
368,szank,46.5571,19.661,3.39,84,100,3.63,HU,1670101026
369,coos bay,43.3665,-124.2179,13.33,80,20,3.09,US,1670100861
370,hauterive,46.0901,3.4459,3.42,94,100,1.06,FR,1670101027
371,campoverde,-8.4753,-74.8058,23.83,95,100,1.05,PE,1670101027
372,bijie,27.3125,105.2942,1.52,92,100,2.11,CN,1670101028
373,kortkeros,61.8106,51.5806,-9.0,98,74,1.29,RU,1670101028
374,daru,-9.0763,143.2092,25.57,86,100,2.51,PG,1670101029
375,thana,34.6369,72.0739,11.67,35,4,2.82,PK,1670101029
376,sao francisco de paula,-29.4481,-50.5836,21.88,98,86,0.91,BR,1670101030
377,hasaki,35.7333,140.8333,2.22,71,89,3.55,JP,1670101030
378,drumheller,51.4617,-112.7101,-8.09,65,15,3.6,CA,1670101031
379,vestmanna,62.1564,-7.1664,5.51,93,75,6.17,FO,1670101031
380,nueva loja,0.0847,-76.8828,30.01,66,40,3.09,EC,1670101032
381,mayumba,-3.432,10.6554,24.81,84,100,1.31,GA,1670101032
382,te anau,-45.4167,167.7167,13.8,61,100,3.98,NZ,1670101033
383,plettenberg bay,-34.0527,23.3716,15.78,70,100,0.76,ZA,1670101033
384,mercedes,-34.6515,-59.4307,32.24,17,0,2.78,AR,1670101033
385,hassan,13.0006,76.0994,18.46,92,93,2.56,IN,1670101034
386,harper,4.375,-7.7169,25.57,82,100,5.78,LR,1670101035
387,mozarlandia,-14.7447,-50.5706,24.94,85,100,2.92,BR,1670101035
388,alice springs,-23.7,133.8833,14.75,47,0,2.57,AU,1670101036
389,senanga,-16.1167,23.2667,22.54,23,4,1.69,ZM,1670101036
390,kuminskiy,58.6667,66.5667,-14.51,91,100,2.86,RU,1670101037
391,valkeakoski,61.2642,24.0312,-3.79,91,99,0.29,FI,1670101037
392,sambava,-14.2667,50.1667,23.99,84,97,1.88,MG,1670101038
393,kangavar,34.5043,47.9653,6.78,62,1,0.92,IR,1670101038
394,soyo,-6.1349,12.3689,26.04,87,100,2.26,AO,1670101039
395,lorengau,-2.0226,147.2712,26.62,82,100,1.06,PG,1670101039
396,maningrida,-12.0667,134.2667,27.0,76,90,2.37,AU,1670101040
397,sabang,5.8933,95.3214,26.62,77,100,4.03,ID,1670101040
398,monte alegre,-2.0078,-54.0692,29.53,60,69,0.38,BR,1670101041
399,asau,46.4333,26.4,-1.49,95,99,1.13,RO,1670101041
400,san juan,-31.5375,-68.5364,35.66,12,4,6.64,AR,1670100940
401,wentzville,38.8114,-90.8529,3.1,48,79,2.24,US,1670101042
402,itarema,-2.9248,-39.9167,26.63,77,8,7.48,BR,1670100925
403,the valley,18.217,-63.0578,27.92,65,20,4.12,AI,1670101043
404,pangnirtung,66.1451,-65.7125,-15.0,66,40,4.12,CA,1670101043
405,excelsior springs,39.3392,-94.2261,1.94,37,0,1.54,US,1670100858
406,svetlogorsk,52.6333,29.7333,-5.16,89,98,4.37,BY,1670101044
407,manteca,37.7974,-121.216,12.91,94,100,5.14,US,1670100746
408,camocim,-2.9022,-40.8411,27.67,71,21,7.67,BR,1670101045
409,la rioja,42.25,-2.5,-1.12,87,71,0.72,ES,1670101045
410,rorvik,64.8621,11.2373,0.06,69,25,2.57,NO,1670101046
411,rio gallegos,-51.6226,-69.2181,14.03,19,75,11.83,AR,1670101046
412,naze,28.3667,129.4833,20.51,80,99,3.35,JP,1670101047
413,inhambane,-23.865,35.3833,24.82,90,0,2.26,MZ,1670101107
414,tandil,-37.3217,-59.1332,30.38,16,0,2.79,AR,1670101108
415,conde,-7.2597,-34.9075,27.7,65,20,6.17,BR,1670101108
416,vardo,70.3705,31.1107,-2.01,86,100,2.57,NO,1670101109
417,merauke,-8.4667,140.3333,25.85,82,100,1.03,ID,1670101109
418,makaha,21.4694,-158.2175,26.89,57,75,2.06,US,1670101110
419,lima,-12.0432,-77.0282,20.14,73,0,3.09,PE,1670100940
420,lagoa,39.05,-27.9833,14.75,76,86,16.83,PT,1670101110
421,erzin,36.9559,36.2,15.06,67,100,1.18,TR,1670101111
422,necochea,-38.5473,-58.7368,29.38,27,0,5.54,AR,1670101058
423,fier,40.7239,19.5561,13.93,67,100,2.44,AL,1670101112
424,bhainsa,26.9548,76.9012,14.98,48,0,0.99,IN,1670101112
425,fort nelson,58.8053,-122.7002,-13.23,78,75,5.14,CA,1670101113
426,baykit,61.67,96.37,-26.47,100,83,1.24,RU,1670101113
427,fort payne,34.4442,-85.7197,17.56,71,100,0.0,US,1670101114
428,palanpur,24.1667,72.4333,16.41,32,11,2.6,IN,1670101114
429,chyhyryn,49.0838,32.6555,-2.05,66,90,6.91,UA,1670101114
430,tuatapere,-46.1333,167.6833,14.88,65,95,4.02,NZ,1670101115
431,mino,34.8269,135.4706,10.57,76,100,2.06,JP,1670101115
432,horasan,40.0458,42.1728,1.93,83,50,0.62,TR,1670101116
433,gat,31.61,34.7642,18.55,52,73,1.07,IL,1670101117
434,kirakira,-10.4544,161.9205,28.33,75,100,4.46,SB,1670101117
435,dakar,14.6937,-17.4441,22.49,62,44,4.61,SN,1670100900
436,ambilobe,-13.2,49.05,24.09,86,91,1.86,MG,1670101118
437,verkhnyaya toyma,62.2349,44.9985,-10.96,97,100,1.52,RU,1670101118
438,riviere-au-renard,48.9957,-64.3971,4.16,95,100,11.67,CA,1670101118
439,uglovskoye,51.3557,80.1942,-20.84,91,100,2.22,RU,1670101119
440,opelousas,30.5335,-92.0815,27.72,69,40,0.0,US,1670101119
441,sinnamary,5.3833,-52.95,25.38,85,98,2.53,GF,1670101120
442,merrill,45.1805,-89.6835,-7.9,59,0,5.66,US,1670100964
443,jasper,37.2001,-94.3502,4.37,46,82,1.79,US,1670100967
444,codajas,-3.8367,-62.0569,29.78,64,92,1.22,BR,1670101121
445,lisakovsk,52.5369,62.4936,-20.9,87,5,3.25,KZ,1670101121
446,oskaloosa,41.2964,-92.6444,-1.82,59,0,2.57,US,1670101122
447,anaconda,46.1285,-112.9423,-1.64,62,39,1.57,US,1670101122
448,makat,47.6469,53.3463,-9.03,58,0,5.82,KZ,1670101123
449,sayansk,54.1088,102.1648,-15.09,95,100,2.64,RU,1670101123
450,turkistan,43.0,68.0,-8.01,67,88,3.72,KZ,1670101124
451,jimma,7.6667,36.8333,16.52,53,53,0.46,ET,1670101124
452,le mars,42.7942,-96.1656,-0.24,54,0,5.66,US,1670101125
453,zyryanka,65.75,150.85,-39.38,98,14,2.68,RU,1670101125
454,elizabeth city,36.2946,-76.2511,17.79,94,100,2.68,US,1670101116
455,gorontalo,0.5412,123.0595,23.51,94,100,1.21,ID,1670101126
456,coahuayana,18.7333,-103.6833,30.99,55,83,2.63,MX,1670101127
457,atambua,-9.1061,124.8925,22.2,75,53,1.38,ID,1670101127
458,pampa,35.5362,-100.9599,7.54,24,0,3.09,US,1670101188
459,khani,41.9563,42.9566,3.76,96,100,1.64,GE,1670101188
460,sisimiut,66.9395,-53.6735,-3.35,85,100,10.15,GL,1670101189
461,sol-iletsk,51.1631,54.9918,-13.61,83,5,3.15,RU,1670101189
462,shelburne,44.0787,-80.2041,0.25,78,93,9.73,CA,1670101081
463,masumbwe,-3.6333,32.1833,18.61,84,18,0.15,TZ,1670101190
464,muros,42.7762,-9.0603,7.83,75,0,6.53,ES,1670101190
465,batemans bay,-35.7167,150.1833,16.17,65,0,1.24,AU,1670101191
466,egvekinot,66.3167,-179.1667,-9.44,55,100,6.86,RU,1670101191
467,hernani,43.2662,-1.9762,5.78,88,75,1.03,ES,1670101192
468,guanica,17.9716,-66.908,28.36,69,13,0.46,PR,1670101192
469,clovis,36.8252,-119.7029,16.12,93,100,1.34,US,1670101193
470,otavi,-19.65,17.3333,25.49,39,78,4.75,NA,1670101193
471,dwarahat,29.7833,79.4333,8.25,70,0,1.64,IN,1670101194
472,olinda,-8.0089,-34.8553,27.85,65,40,3.6,BR,1670101194
473,aquiraz,-3.9014,-38.3911,28.05,75,8,5.68,BR,1670101195
474,fare,-16.7,-151.0167,26.93,76,66,8.02,PF,1670101195
475,cordoba,-31.4135,-64.1811,35.0,14,0,2.06,AR,1670100915
476,bonthe,7.5264,-12.505,25.6,82,76,2.32,SL,1670101196
477,antanifotsy,-19.65,47.3167,16.44,88,100,0.42,MG,1670101196
478,palmer,42.1584,-72.3287,12.83,84,100,6.69,US,1670101197
479,frontera,26.9333,-101.45,22.48,58,17,4.73,MX,1670101197
480,sharjah,25.3573,55.4033,25.99,68,0,1.54,AE,1670101198
481,staryy nadym,65.6118,72.6842,-12.58,94,97,4.21,RU,1670101198
482,richards bay,-28.783,32.0377,20.43,80,100,2.63,ZA,1670101199
483,kruisfontein,-34.0033,24.7314,16.6,77,100,1.46,ZA,1670101199
484,kieta,-6.2167,155.6333,26.41,84,100,0.58,PG,1670101200
485,katsuura,35.1333,140.3,16.01,63,98,9.43,JP,1670101200
486,gravdal,68.1214,13.5031,3.11,70,100,5.13,NO,1670101201
487,gimli,50.6336,-96.9907,-15.13,83,75,5.21,CA,1670101201
488,rahuri,19.3833,74.65,21.4,65,8,1.59,IN,1670101201
489,boa vista,2.8197,-60.6733,26.99,74,75,3.6,BR,1670100911
490,porto novo,6.4965,2.6036,26.36,82,31,3.5,BJ,1670101203
491,ayan,56.45,138.1667,-22.02,83,79,5.93,RU,1670101203
492,sioux lookout,50.1001,-91.917,-15.96,78,100,6.69,CA,1670101174
493,dudinka,69.4058,86.1778,-25.7,100,100,2.35,RU,1670101206
494,tazovskiy,67.4667,78.7,-23.95,98,53,2.83,RU,1670101207
495,kloulklubed,7.0419,134.2556,25.28,76,89,6.6,PW,1670101207
496,ketchikan,55.3422,-131.6461,-1.79,40,8,1.53,US,1670101208
497,tiznit,29.5833,-9.5,13.71,78,1,0.57,MA,1670101209
498,baiao,-2.7906,-49.6717,24.19,94,100,0.83,BR,1670101209
499,samarai,-10.6167,150.6667,26.16,79,100,1.91,PG,1670101210
500,mogadishu,2.0371,45.3438,26.74,80,56,6.49,SO,1670101211
501,zhangye,38.9342,100.4517,-8.22,68,100,1.56,CN,1670101211
502,bahir dar,11.5936,37.3908,17.12,51,24,1.41,ET,1670101212
503,saint-paul,-21.0096,55.2707,25.06,82,24,0.93,RE,1670101213
504,el alto,-4.2714,-81.2147,21.59,71,17,9.91,PE,1670101213
505,hamilton,39.1834,-84.5333,7.75,52,1,3.58,US,1670101214
506,saint-denis,48.9167,2.3333,3.38,85,100,6.17,FR,1670101215
507,herran,7.5061,-72.4833,15.9,96,90,1.28,CO,1670101276
508,tezu,27.9167,96.1667,16.15,40,0,1.96,IN,1670101277
509,araouane,18.9048,-3.5265,25.91,16,67,4.14,ML,1670101280
510,christchurch,-43.5333,172.6333,19.15,72,75,2.57,NZ,1670101180
511,coquimbo,-29.9533,-71.3436,17.93,75,14,3.12,CL,1670101281
512,mayor pablo lagerenza,-19.9309,-60.7718,33.18,30,98,2.11,PY,1670101282
513,bara,10.3744,10.7288,25.25,28,18,2.62,NG,1670101282
514,dali,25.7,100.1833,6.23,71,0,1.86,CN,1670101283
515,havre,49.5833,0.3333,1.86,93,100,4.63,FR,1670101284
516,sur,22.5667,59.5289,23.32,63,0,2.92,OM,1670101284
517,awjilah,29.1081,21.2869,15.75,38,17,3.77,LY,1670101285
518,mareeba,-17.0,145.4333,21.4,92,6,0.94,AU,1670101285
519,inta,66.0317,60.1659,-11.33,95,100,6.16,RU,1670101286
520,tiarei,-17.5333,-149.3333,29.01,82,76,8.47,PF,1670101287
521,new iberia,30.0035,-91.8187,26.65,65,97,2.42,US,1670101080
522,beloha,-25.1667,45.05,23.26,75,82,2.64,MG,1670101287
523,saint anthony,45.0205,-93.218,-9.31,64,0,4.63,US,1670101288
524,anda,46.4,125.3167,-20.97,88,3,3.3,CN,1670101288
525,mehamn,71.0357,27.8492,-4.05,86,34,5.14,NO,1670101289
526,marsh harbour,26.5412,-77.0636,24.68,59,13,8.19,BS,1670101289
527,doctor phillips,28.4495,-81.4923,27.25,58,16,1.34,US,1670101290
528,vostok,46.4856,135.8833,-21.56,98,100,3.21,RU,1670101291
529,leningradskiy,69.3833,178.4167,-15.63,78,100,3.07,RU,1670100992
530,deputatskiy,69.3,139.9,-25.17,86,100,4.49,RU,1670101291
531,mpika,-11.8343,31.4529,17.84,78,64,0.19,ZM,1670101292
532,gilgit,35.9221,74.3087,5.44,57,26,0.3,PK,1670101292
533,freeport,40.6576,-73.5832,14.58,89,100,6.17,US,1670101139
534,great malvern,52.1116,-2.3252,5.06,94,98,1.34,GB,1670101293
535,caucaia,-3.7361,-38.6531,27.97,72,0,6.69,BR,1670101294
536,hualmay,-11.0964,-77.6139,21.57,73,31,3.88,PE,1670101294
537,valparaiso,-33.0393,-71.6273,19.15,100,0,5.66,CL,1670101295
538,beinamar,8.6698,15.3813,25.5,32,100,0.69,TD,1670101295
539,bumbuna,9.05,-11.7333,22.13,97,64,1.15,SL,1670101296
540,mitu,1.1983,-70.1733,27.23,71,100,0.72,CO,1670101296
541,ganzhou,28.8184,115.4327,6.54,86,99,3.14,CN,1670101297
542,black forest,39.0131,-104.7008,10.02,33,0,1.54,US,1670101279
543,antalaha,-14.9003,50.2788,22.92,90,76,1.69,MG,1670101297
544,moen,69.1304,18.6123,-16.6,85,0,0.0,NO,1670101298
545,aklavik,68.2191,-135.0107,-3.0,80,75,11.32,CA,1670101298
546,ulaangom,49.9811,92.0667,-27.93,95,90,1.36,MN,1670101280
547,turukhansk,65.8167,87.9833,-26.51,97,42,2.26,RU,1670101299
548,gander,48.9682,-54.5906,-2.13,74,46,4.47,CA,1670101229
549,pangkalanbuun,-2.6833,111.6167,22.81,97,100,0.71,ID,1670101300
550,nhulunbuy,-12.2333,136.7667,23.34,94,87,0.51,AU,1670101300
551,ust-barguzin,53.45,108.9833,-13.61,90,100,2.11,RU,1670101301
552,vaxjo,56.8777,14.8091,0.03,94,100,4.12,SE,1670101362
553,ilula,-7.6766,36.0366,17.83,89,49,1.78,TZ,1670101362
554,aguas vermelhas,-15.7472,-41.46,19.21,97,100,1.66,BR,1670101363
555,portland,45.5234,-122.6762,9.18,56,8,5.36,US,1670101269
556,helena,46.5927,-112.0361,-0.01,49,95,0.45,US,1670101163
557,ust-kuyga,70.0167,135.6,-24.08,99,100,3.89,RU,1670101364
558,paamiut,61.994,-49.6678,-3.33,80,99,3.42,GL,1670101364
559,krasnyy yar,46.5331,48.3456,-12.04,42,0,5.21,RU,1670101365
560,mezen,65.8522,44.24,-13.3,93,28,2.26,RU,1670101365
561,ouesso,1.6136,16.0517,21.38,97,100,1.16,CG,1670101338
562,sobolevo,54.4299,31.8996,-6.07,93,100,4.69,RU,1670101366
563,vila,42.0304,-8.1588,1.49,87,1,1.73,PT,1670101366
564,ruzhyn,49.7228,29.2046,-6.0,91,85,3.58,UA,1670101367
565,bose,45.4612,8.0137,5.67,95,100,0.87,IT,1670101367
566,gubkinskiy,64.434,76.5026,-14.84,98,98,4.59,RU,1670101368
567,ranong,9.9658,98.6348,24.8,88,100,2.67,TH,1670101144
568,lavrentiya,65.5833,-171.0,-4.52,95,100,9.15,RU,1670101368
569,saint-felix-de-valois,46.1668,-73.4324,5.58,98,100,4.02,CA,1670101369
570,oppdal,62.5943,9.6912,-8.08,73,18,3.04,NO,1670101369
571,nsanje,-16.92,35.262,25.17,55,10,0.15,MW,1670101370
572,oranjemund,-28.55,16.4333,15.47,82,4,6.07,NA,1670101267
573,teya,60.3778,92.6267,-21.84,99,96,1.51,RU,1670101371
574,iskateley,67.6803,53.1512,-12.84,96,31,3.17,RU,1670101371
575,eyl,7.9803,49.8164,24.81,69,49,7.83,SO,1670101372
576,vikulovo,56.8167,70.6107,-22.2,96,45,2.24,RU,1670101372
577,marquette,46.5333,-87.6335,-8.14,70,100,5.33,US,1670101372
